{"Init_deadhead_76527d3b-B1": [[-122.2887002602, 47.4954584302], [-122.337067, 47.470104]], "333f6cb4-5-d7eef46d-c": [[-122.337067, 47.470104], [-122.337288, 47.469692], [-122.341751, 47.47049], [-122.346916, 47.470917], [-122.34729, 47.473892], [-122.347885, 47.47879], [-122.348213, 47.481579], [-122.348923, 47.485001], [-122.349899, 47.488708], [-122.349869, 47.492271], [-122.349854, 47.494293], [-122.353996, 47.498272], [-122.355049, 47.503326], [-122.355034, 47.505066], [-122.353706, 47.510346], [-122.353828, 47.514168], [-122.355576, 47.517441], [-122.353928, 47.516899], [-122.359543, 47.517429], [-122.365715, 47.517437], [-122.365768, 47.520939], [-122.36203, 47.522247], [-122.360374, 47.524406], [-122.360359, 47.528568], [-122.360344, 47.532093], [-122.360687, 47.534698], [-122.360825, 47.539249], [-122.360725, 47.540798], [-122.361115, 47.542999], [-122.362679, 47.546455], [-122.362915, 47.549972], [-122.362862, 47.553638], [-122.362816, 47.557411], [-122.362793, 47.55949], [-122.363258, 47.563183], [-122.363213, 47.565006], [-122.36319, 47.568264], [-122.336075, 47.602745], [-122.332588, 47.604191], [-122.33316, 47.604805], [-122.333832, 47.605541], [-122.335213, 47.607052], [-122.337204, 47.609104], [-122.336166, 47.608246], [-122.3367, 47.608688], [-122.337585, 47.609642], [-122.338356, 47.610485], [-122.338951, 47.611137], [-122.339035, 47.611103], [-122.340004, 47.612972], [-122.341293, 47.613972], [-122.338341, 47.618267], [-122.338356, 47.621849]], "333f6cb4-5-d7eef46d-c_layover_f2e61201-c-d7eef46d-c": [[-122.338356, 47.621849], [-122.33857, 47.62138]], "f2e61201-c-d7eef46d-c": [[-122.33857, 47.62138], [-122.338463, 47.617794], [-122.341293, 47.613972], [-122.341713, 47.613644], [-122.341621, 47.61372], [-122.335754, 47.607246], [-122.333847, 47.603806], [-122.363396, 47.56802], [-122.363419, 47.564484], [-122.362984, 47.560898], [-122.363022, 47.557556], [-122.363068, 47.553474], [-122.363121, 47.550175], [-122.363037, 47.546783], [-122.361313, 47.54287], [-122.360878, 47.5406], [-122.361115, 47.538605], [-122.361137, 47.535271], [-122.36055, 47.531654], [-122.360565, 47.52805], [-122.36058, 47.524368], [-122.364906, 47.521092], [-122.364906, 47.521091], [-122.358894, 47.517296], [-122.356766, 47.517296], [-122.354134, 47.516941], [-122.354004, 47.513809], [-122.353874, 47.509819], [-122.355209, 47.506725], [-122.355247, 47.502483], [-122.355225, 47.499283], [-122.35006, 47.494], [-122.350075, 47.491848], [-122.35009, 47.488132], [-122.349091, 47.484917], [-122.348351, 47.480911], [-122.348007, 47.478126], [-122.347481, 47.473801], [-122.345985, 47.470326], [-122.341354, 47.470348], [-122.337067, 47.470104]], "f2e61201-c-d7eef46d-c_layover_e0500b7e-a-d7eef46d-c": [[-122.337067, 47.470104], [-122.337067, 47.470104]], "e0500b7e-a-d7eef46d-c": [[-122.337067, 47.470104], [-122.337288, 47.469692], [-122.341751, 47.47049], [-122.346916, 47.470917], [-122.34729, 47.473892], [-122.347885, 47.47879], [-122.348213, 47.481579], [-122.348923, 47.485001], [-122.349899, 47.488708], [-122.349869, 47.492271], [-122.349854, 47.494293], [-122.353996, 47.498272], [-122.355049, 47.503326], [-122.355034, 47.505066], [-122.353706, 47.510346], [-122.353828, 47.514168], [-122.355576, 47.517441], [-122.353928, 47.516899], [-122.359543, 47.517429], [-122.365715, 47.517437], [-122.365768, 47.520939], [-122.36203, 47.522247], [-122.360374, 47.524406], [-122.360359, 47.528568], [-122.360344, 47.532093], [-122.360687, 47.534698], [-122.360825, 47.539249], [-122.360725, 47.540798], [-122.361115, 47.542999], [-122.362679, 47.546455], [-122.362915, 47.549972], [-122.362862, 47.553638], [-122.362816, 47.557411], [-122.362793, 47.55949], [-122.363258, 47.563183], [-122.363213, 47.565006], [-122.36319, 47.568264], [-122.336075, 47.602745], [-122.332588, 47.604191], [-122.33316, 47.604805], [-122.333832, 47.605541], [-122.335213, 47.607052], [-122.337204, 47.609104], [-122.336166, 47.608246], [-122.3367, 47.608688], [-122.337585, 47.609642], [-122.338356, 47.610485], [-122.338951, 47.611137], [-122.339035, 47.611103], [-122.340004, 47.612972], [-122.341293, 47.613972], [-122.338341, 47.618267], [-122.338356, 47.621849]], "e0500b7e-a-d7eef46d-c_layover_adea0ea2-1-d7eef46d-c": [[-122.338356, 47.621849], [-122.33857, 47.62138]], "adea0ea2-1-d7eef46d-c": [[-122.33857, 47.62138], [-122.338463, 47.617794], [-122.341293, 47.613972], [-122.341713, 47.613644], [-122.341621, 47.61372], [-122.335754, 47.607246], [-122.333847, 47.603806], [-122.363396, 47.56802], [-122.363419, 47.564484], [-122.362984, 47.560898], [-122.363022, 47.557556], [-122.363068, 47.553474], [-122.363121, 47.550175], [-122.363037, 47.546783], [-122.361313, 47.54287], [-122.360878, 47.5406], [-122.361115, 47.538605], [-122.361137, 47.535271], [-122.36055, 47.531654], [-122.360565, 47.52805], [-122.36058, 47.524368], [-122.364906, 47.521092], [-122.364906, 47.521091], [-122.358894, 47.517296], [-122.356766, 47.517296], [-122.354134, 47.516941], [-122.354004, 47.513809], [-122.353874, 47.509819], [-122.355209, 47.506725], [-122.355247, 47.502483], [-122.355225, 47.499283], [-122.35006, 47.494], [-122.350075, 47.491848], [-122.35009, 47.488132], [-122.349091, 47.484917], [-122.348351, 47.480911], [-122.348007, 47.478126], [-122.347481, 47.473801], [-122.345985, 47.470326], [-122.341354, 47.470348], [-122.337067, 47.470104]], "adea0ea2-1-d7eef46d-c_layover_b5e57c77-3-d7eef46d-c": [[-122.337067, 47.470104], [-122.337067, 47.470104]], "b5e57c77-3-d7eef46d-c": [[-122.337067, 47.470104], [-122.337288, 47.469692], [-122.341751, 47.47049], [-122.346916, 47.470917], [-122.34729, 47.473892], [-122.347885, 47.47879], [-122.348213, 47.481579], [-122.348923, 47.485001], [-122.349899, 47.488708], [-122.349869, 47.492271], [-122.349854, 47.494293], [-122.353996, 47.498272], [-122.355049, 47.503326], [-122.355034, 47.505066], [-122.353706, 47.510346], [-122.353928, 47.516899], [-122.353828, 47.514168], [-122.355576, 47.517441], [-122.359543, 47.517429], [-122.365715, 47.517437], [-122.365768, 47.520939], [-122.36203, 47.522247], [-122.360374, 47.524406], [-122.360359, 47.528568], [-122.360344, 47.532093], [-122.360687, 47.534698], [-122.360825, 47.539249], [-122.360725, 47.540798], [-122.361115, 47.542999], [-122.362679, 47.546455], [-122.362915, 47.549972], [-122.362862, 47.553638], [-122.362816, 47.557411], [-122.362793, 47.55949], [-122.363258, 47.563183], [-122.363213, 47.565006], [-122.36319, 47.568264], [-122.336075, 47.602745], [-122.332588, 47.604191], [-122.33316, 47.604805], [-122.333832, 47.605541], [-122.335213, 47.607052], [-122.336166, 47.608246], [-122.3367, 47.608688], [-122.337204, 47.609104], [-122.337585, 47.609642], [-122.338356, 47.610485], [-122.338951, 47.611137], [-122.339035, 47.611103], [-122.341293, 47.613972], [-122.340004, 47.612972], [-122.338341, 47.618267], [-122.338356, 47.621849]], "b5e57c77-3-d7eef46d-c_layover_fb80574e-3-d7eef46d-c": [[-122.338356, 47.621849], [-122.33857, 47.62138]],